{
    "course_details": {
        "course_title": "Master of Science in Geoinformatics",
        "university": "Trier University",
        "location": "Trier",
        "duration": "4 semesters",
        "tuition_fees": "None",
        "language_of_instruction": null,
        "mode_of_study": null
    },
    "requirements": {
        "language_requirements": {
            "English": {
                "level": "C1",
                "Toefl": null,
                "IELTS": null,
                "CPE": null
            },
            "German": null,
            "French": null,
            "Latin or Ancient Greek": null,
            "modern foreign language": null,
            "Chinese": null,
            "Spanish": null,
            "Italian": null,
            "Latin": null,
            "Slavic": null,
            "Romance language": null,
            "ancient Greek or Latin": null,
            "Romance": null,
            "Arabic": null,
            "Persian": null,
            "Turkish": null,
            "Hebrew": null,
            "Portuguese": null,
            "Japanese": null,
            "Korean": null,
            "Sumerian": null,
            "Armenian": null,
            "Kurdish": null,
            "Ottoman": null,
            "Syrian-Aramaic": null
        },
        "GPA": null,
        "is_german": null,
        "application_process": {
            "uni_assist": "not required"
        },
        "standardized_tests": {
            "GMAT": null,
            "GRE": null
        },
        "application_deadline": [
            "2025-01-15",
            "2025-05-31",
            "2025-01-15",
            "2025-09-15",
            "2025-03-15",
            "2025-09-15"
        ]
    },
    "field_of_study": [
        "Mathematics, Natural Sciences",
        "Agriculture, Forestry and Nutritional Sciences"
    ],
    "subject": [
        "Earth Sciences (excluding Geography)",
        "Mathematics, Natural Sciences in general",
        "Computer Science",
        "Land Management, Environmental Architecture"
    ]
}