{
    "course_details": {
        "course_title": "Advanced Manufacturing",
        "university": "Chemnitz University of Technology",
        "location": "Chemnitz",
        "duration": "4 semesters",
        "tuition_fees": "None",
        "language_of_instruction": "English",
        "mode_of_study": null
    },
    "requirements": {
        "language_requirements": {
            "English": {
                "level": "B2",
                "Toefl": null,
                "IELTS": null,
                "CPE": null
            },
            "German": "From winter semester 2024/25 German language proficiency A1 is compulsory!\nApplicants applying for a degree programme offered in English language need to show proof of German language proficiency at a minimum of an A1 level at the time of enrolment. Until the end of their third study semester at Chemnitz University of Technology, they have to submit a German language proof at level A2. German language courses at level A2 will be offered at our university. Language certificates for German language proof at level A1 are only accepted from the Goethe-Institut, telc examination centres, or ÖSD. German language attendance certificates will not be accepted.",
            "French": null,
            "Latin or Ancient Greek": null,
            "modern foreign language": null,
            "Chinese": null,
            "Spanish": null,
            "Italian": null,
            "Latin": null,
            "Slavic": null,
            "Romance language": null,
            "ancient Greek or Latin": null,
            "Romance": null,
            "Arabic": null,
            "Persian": null,
            "Turkish": null,
            "Hebrew": null,
            "Portuguese": null,
            "Japanese": null,
            "Korean": null,
            "Sumerian": null,
            "Armenian": null,
            "Kurdish": null,
            "Ottoman": null,
            "Syrian-Aramaic": null
        },
        "GPA": null,
        "is_german": null,
        "application_process": {
            "uni_assist": "required"
        },
        "standardized_tests": {
            "GMAT": null,
            "GRE": null
        },
        "application_deadline": [
            "2024-07-15"
        ]
    },
    "field_of_study": [
        "Engineering",
        "Law, Economics and Social Sciences"
    ],
    "subject": [
        "Mechanical Engineering / Process Engineering",
        "Engineering in general",
        "Industrial Engineering"
    ]
}