{
    "course_details": {
        "course_title": "Business Engineering in Urban Mobility",
        "university": "Technische Universität Braunschweig",
        "location": "Braunschweig",
        "duration": "4 semesters",
        "tuition_fees": "Citizen of a non-EU/EFTA country 16,000 EUR (per year)\nCitizen of a EU/EFTA country 4,000 EUR (per year)",
        "language_of_instruction": null,
        "mode_of_study": null
    },
    "requirements": {
        "language_requirements": {
            "English": {
                "level": null,
                "Toefl": null,
                "IELTS": ".",
                "CPE": null
            },
            "German": null,
            "French": null,
            "Latin or Ancient Greek": null,
            "modern foreign language": null,
            "Chinese": null,
            "Spanish": null,
            "Italian": null,
            "Latin": null,
            "Slavic": null,
            "Romance language": null,
            "ancient Greek or Latin": null,
            "Romance": null,
            "Arabic": null,
            "Persian": null,
            "Turkish": null,
            "Hebrew": null,
            "Portuguese": null,
            "Japanese": null,
            "Korean": null,
            "Sumerian": null,
            "Armenian": null,
            "Kurdish": null,
            "Ottoman": null,
            "Syrian-Aramaic": null
        },
        "GPA": null,
        "is_german": null,
        "application_process": {
            "uni_assist": null
        },
        "standardized_tests": {
            "GMAT": null,
            "GRE": null
        },
        "application_deadline": [
            "2025-01-31",
            "2025-04-15"
        ]
    },
    "field_of_study": [
        "Engineering",
        "Law, Economics and Social Sciences"
    ],
    "subject": [
        "Business and Economics",
        "Engineering in general"
    ]
}