{
    "course_details": {
        "course_title": "Redesigning the Post-Industrial City (RePIC)",
        "university": "Ruhr-Universität Bochum",
        "location": "Bochum",
        "duration": "4 semesters",
        "tuition_fees": "2,250 EUR",
        "language_of_instruction": null,
        "mode_of_study": null
    },
    "requirements": {
        "language_requirements": {
            "English": {
                "level": "B2",
                "Toefl": null,
                "IELTS": null,
                "CPE": null
            },
            "German": null,
            "French": null,
            "Latin or Ancient Greek": null,
            "modern foreign language": null,
            "Chinese": null,
            "Spanish": null,
            "Italian": null,
            "Latin": null,
            "Slavic": null,
            "Romance language": null,
            "ancient Greek or Latin": null,
            "Romance": null,
            "Arabic": null,
            "Persian": null,
            "Turkish": null,
            "Hebrew": null,
            "Portuguese": null,
            "Japanese": null,
            "Korean": null,
            "Sumerian": null,
            "Armenian": null,
            "Kurdish": null,
            "Ottoman": null,
            "Syrian-Aramaic": null
        },
        "GPA": null,
        "is_german": null,
        "application_process": {
            "uni_assist": null
        },
        "standardized_tests": {
            "GMAT": null,
            "GRE": null
        },
        "application_deadline": [
            "2024-03-01"
        ]
    },
    "field_of_study": [
        "Art, Art Theory",
        "Mathematics, Natural Sciences",
        "Engineering",
        "Law, Economics and Social Sciences"
    ],
    "subject": [
        "Town and Country Planning",
        "Law, Economics and Social Sciences in general",
        "Design",
        "Geography"
    ]
}