{
    "course_details": {
        "course_title": "Molecular Systems Science and Engineering (MSSE)",
        "university": "Heidelberg University",
        "location": "Heidelberg",
        "duration": "4 semesters",
        "tuition_fees": "Approx. 1,500 EUR per semester for students from non-EU (European Union) and non-EEA (European Economic Area-Iceland, Lichtenstein, Norway) countries",
        "language_of_instruction": null,
        "mode_of_study": null
    },
    "requirements": {
        "language_requirements": {
            "English": {
                "level": "B2",
                "Toefl": null,
                "IELTS": null,
                "CPE": "in Advanced English"
            },
            "German": null,
            "French": null,
            "Latin or Ancient Greek": null,
            "modern foreign language": null,
            "Chinese": null,
            "Spanish": null,
            "Italian": null,
            "Latin": null,
            "Slavic": null,
            "Romance language": null,
            "ancient Greek or Latin": null,
            "Romance": null,
            "Arabic": null,
            "Persian": null,
            "Turkish": null,
            "Hebrew": null,
            "Portuguese": null,
            "Japanese": null,
            "Korean": null,
            "Sumerian": null,
            "Armenian": null,
            "Kurdish": null,
            "Ottoman": null,
            "Syrian-Aramaic": null
        },
        "GPA": 2.3,
        "is_german": null,
        "application_process": {
            "uni_assist": null
        },
        "standardized_tests": {
            "GMAT": null,
            "GRE": null
        },
        "application_deadline": [
            "2025-03-15"
        ]
    },
    "field_of_study": [
        "Mathematics, Natural Sciences",
        "Engineering"
    ],
    "subject": [
        "Physics, Astronomy",
        "Engineering in general",
        "Mathematics, Natural Sciences in general",
        "Chemistry"
    ],
    "gpa": 2.3
}