{
    "course_details": {
        "course_title": "MSc Management",
        "university": "FAU Erlangen-Nürnberg",
        "location": "Nürnberg",
        "duration": "4 semesters, 8 semesters",
        "tuition_fees": "None",
        "language_of_instruction": null,
        "mode_of_study": null
    },
    "requirements": {
        "language_requirements": {
            "English": {
                "level": "C1",
                "Toefl": null,
                "IELTS": null,
                "CPE": null
            },
            "German": "according to § 4 para. 5 no. 14 sentence 1 b) Statutes of the Friedrich-Alexander-Universität Erlangen-Nürnberg (FAU) concerning enrolment, re-registration, leave of absence and exmatriculation (ImmaS)",
            "French": null,
            "Latin or Ancient Greek": null,
            "modern foreign language": null,
            "Chinese": null,
            "Spanish": null,
            "Italian": null,
            "Latin": null,
            "Slavic": null,
            "Romance language": null,
            "ancient Greek or Latin": null,
            "Romance": null,
            "Arabic": null,
            "Persian": null,
            "Turkish": null,
            "Hebrew": null,
            "Portuguese": null,
            "Japanese": null,
            "Korean": null,
            "Sumerian": null,
            "Armenian": null,
            "Kurdish": null,
            "Ottoman": null,
            "Syrian-Aramaic": null
        },
        "GPA": null,
        "is_german": null,
        "application_process": {
            "uni_assist": null
        },
        "standardized_tests": {
            "GMAT": "at least 600 points in the total score",
            "GRE": null
        },
        "application_deadline": []
    },
    "field_of_study": [
        "Law, Economics and Social Sciences"
    ],
    "subject": [
        "Business and Economics"
    ]
}