{
    "course_details": {
        "course_title": "Master of Science in Materials Science and Engineering (MSc-MS&E)",
        "university": "Technical University of Munich",
        "location": "München",
        "duration": "4 semesters",
        "tuition_fees": "6,000 EUR",
        "language_of_instruction": null,
        "mode_of_study": null
    },
    "requirements": {
        "language_requirements": {
            "English": {
                "level": null,
                "Toefl": null,
                "IELTS": null,
                "CPE": null
            },
            "German": null,
            "French": null,
            "Latin or Ancient Greek": null,
            "modern foreign language": null,
            "Chinese": null,
            "Spanish": null,
            "Italian": null,
            "Latin": null,
            "Slavic": null,
            "Romance language": null,
            "ancient Greek or Latin": null,
            "Romance": null,
            "Arabic": null,
            "Persian": null,
            "Turkish": null,
            "Hebrew": null,
            "Portuguese": null,
            "Japanese": null,
            "Korean": null,
            "Sumerian": null,
            "Armenian": null,
            "Kurdish": null,
            "Ottoman": null,
            "Syrian-Aramaic": null
        },
        "GPA": null,
        "is_german": null,
        "application_process": {
            "uni_assist": null
        },
        "standardized_tests": {
            "GMAT": null,
            "GRE": "Graduate Record Examination (GRE) General Test” or a “Graduate Aptitude Test in Engineering” (GATE) for applicants who have completed a Bachelor’s degree in the following countries: Bangladesh, China, India, Iran, Pakistan and for other applicants who completed a Bachelor’s degree in a state that has not signed the Convention on the Recognition of Qualifications concerning Higher Education in the European Region from 11 April 1997 (Lisbon Recognition Convention)."
        },
        "application_deadline": [
            "2024-05-31"
        ]
    },
    "field_of_study": [
        "Mathematics, Natural Sciences",
        "Engineering"
    ],
    "subject": [
        "Engineering in general",
        "Mathematics, Natural Sciences in general"
    ]
}