{
    "course_details": {
        "course_title": "Göttingen Master's Programme in Physics (MSc)",
        "university": "University of Göttingen",
        "location": "Göttingen",
        "duration": "4 semesters",
        "tuition_fees": "None",
        "language_of_instruction": null,
        "mode_of_study": null
    },
    "requirements": {
        "language_requirements": {
            "English": {
                "level": "C1",
                "Toefl": null,
                "IELTS": null,
                "CPE": null
            },
            "German": "German natives: English level B2\nOthers: German level C1",
            "French": null,
            "Latin or Ancient Greek": null,
            "modern foreign language": null,
            "Chinese": null,
            "Spanish": null,
            "Italian": null,
            "Latin": null,
            "Slavic": null,
            "Romance language": null,
            "ancient Greek or Latin": null,
            "Romance": null,
            "Arabic": null,
            "Persian": null,
            "Turkish": null,
            "Hebrew": null,
            "Portuguese": null,
            "Japanese": null,
            "Korean": null,
            "Sumerian": null,
            "Armenian": null,
            "Kurdish": null,
            "Ottoman": null,
            "Syrian-Aramaic": null
        },
        "GPA": null,
        "is_german": null,
        "application_process": {
            "uni_assist": null
        },
        "standardized_tests": {
            "GMAT": null,
            "GRE": "GRE Physics Test (only non-EU applicants)"
        },
        "application_deadline": [
            "2024-04-15",
            "2024-10-15",
            "2024-06-15",
            "2024-12-01"
        ]
    },
    "field_of_study": [
        "Mathematics, Natural Sciences"
    ],
    "subject": [
        "Physics, Astronomy",
        "Mathematics, Natural Sciences in general"
    ]
}