{
    "course_details": {
        "course_title": "Biomedical Engineering and Medical Physics",
        "university": "Technical University of Munich",
        "location": "Garching b. München",
        "duration": "4 semesters",
        "tuition_fees": "6,000 EUR",
        "language_of_instruction": null,
        "mode_of_study": null
    },
    "requirements": {
        "language_requirements": {
            "English": {
                "level": null,
                "Toefl": null,
                "IELTS": null,
                "CPE": null
            },
            "German": "Applicants not providing proof of German language skills can only be granted admission on condition that they complete one module providing integrative knowledge of the German language within the first two semesters of their studies.",
            "French": null,
            "Latin or Ancient Greek": null,
            "modern foreign language": null,
            "Chinese": null,
            "Spanish": null,
            "Italian": null,
            "Latin": null,
            "Slavic": null,
            "Romance language": null,
            "ancient Greek or Latin": null,
            "Romance": null,
            "Arabic": null,
            "Persian": null,
            "Turkish": null,
            "Hebrew": null,
            "Portuguese": null,
            "Japanese": null,
            "Korean": null,
            "Sumerian": null,
            "Armenian": null,
            "Kurdish": null,
            "Ottoman": null,
            "Syrian-Aramaic": null
        },
        "GPA": null,
        "is_german": null,
        "application_process": {
            "uni_assist": null
        },
        "standardized_tests": {
            "GMAT": null,
            "GRE": null
        },
        "application_deadline": [
            "2024-05-31",
            "2024-11-30"
        ]
    },
    "field_of_study": [
        "Medicine",
        "Mathematics, Natural Sciences",
        "Engineering"
    ],
    "subject": [
        "Medicine in general",
        "Physics, Astronomy",
        "Engineering in general"
    ]
}