{
    "course_details": {
        "course_title": "Biomedical Systems Engineering – Master's Study Programme",
        "university": "RWTH Aachen University",
        "location": "Aachen",
        "duration": "4 semesters",
        "tuition_fees": "None",
        "language_of_instruction": null,
        "mode_of_study": "full-time"
    },
    "requirements": {
        "language_requirements": {
            "English": {
                "level": null,
                "Toefl": "-",
                "IELTS": "5.5",
                "CPE": null
            },
            "German": "B1 or better (according to the CEFR)",
            "French": null,
            "Latin or Ancient Greek": null,
            "modern foreign language": null,
            "Chinese": null,
            "Spanish": null,
            "Italian": null,
            "Latin": null,
            "Slavic": null,
            "Romance language": null,
            "ancient Greek or Latin": null,
            "Romance": null,
            "Arabic": null,
            "Persian": null,
            "Turkish": null,
            "Hebrew": null,
            "Portuguese": null,
            "Japanese": null,
            "Korean": null,
            "Sumerian": null,
            "Armenian": null,
            "Kurdish": null,
            "Ottoman": null,
            "Syrian-Aramaic": null
        },
        "GPA": null,
        "is_german": null,
        "application_process": {
            "uni_assist": null
        },
        "standardized_tests": {
            "GMAT": null,
            "GRE": "required (unless citizens of EU/EEA or Bildungsinländer)"
        },
        "application_deadline": [
            "2025-03-01",
            "2024-07-15",
            "2025-09-01",
            "2025-01-15"
        ]
    },
    "field_of_study": [
        "Engineering"
    ],
    "subject": [
        "Engineering in general",
        "Electrical Engineering"
    ]
}