{
    "course_details": {
        "course_title": "International Management & Sustainability (MA), full-time",
        "university": "Ostbayerische Technische Hochschule Amberg-Weiden (OTH)",
        "location": "Weiden in der Oberpfalz",
        "duration": "3 semesters",
        "tuition_fees": "None",
        "language_of_instruction": "English",
        "mode_of_study": "full-time"
    },
    "requirements": {
        "language_requirements": {
            "English": {
                "level": "B2",
                "Toefl": null,
                "IELTS": null,
                "CPE": null
            },
            "German": "A2 (before studies), B1 (during studies)",
            "French": null,
            "Latin or Ancient Greek": null,
            "modern foreign language": null,
            "Chinese": null,
            "Spanish": null,
            "Italian": null,
            "Latin": null,
            "Slavic": null,
            "Romance language": null,
            "ancient Greek or Latin": null,
            "Romance": null,
            "Arabic": null,
            "Persian": null,
            "Turkish": null,
            "Hebrew": null,
            "Portuguese": null,
            "Japanese": null,
            "Korean": null,
            "Sumerian": null,
            "Armenian": null,
            "Kurdish": null,
            "Ottoman": null,
            "Syrian-Aramaic": null
        },
        "GPA": null,
        "is_german": null,
        "application_process": {
            "uni_assist": "required"
        },
        "standardized_tests": {
            "GMAT": null,
            "GRE": null
        },
        "application_deadline": [
            "2024-07-15",
            "2024-01-15"
        ]
    },
    "field_of_study": [
        "Law, Economics and Social Sciences"
    ],
    "subject": [
        "Business and Economics",
        "Social Science"
    ]
}