{
    "course_details": {
        "course_title": "Finance and Information Management (FIM)",
        "university": "Technical University of Munich",
        "location": "München",
        "duration": "4 semesters",
        "tuition_fees": "6,000 EUR",
        "language_of_instruction": "English",
        "mode_of_study": null
    },
    "requirements": {
        "language_requirements": {
            "English": {
                "level": null,
                "Toefl": null,
                "IELTS": null,
                "CPE": null
            },
            "German": "However, as a foreign student, you are required to provide proof of basic German language proficiency (comparable to A1 level) by the end of the second semester.",
            "French": null,
            "Latin or Ancient Greek": null,
            "modern foreign language": null,
            "Chinese": null,
            "Spanish": null,
            "Italian": null,
            "Latin": null,
            "Slavic": null,
            "Romance language": null,
            "ancient Greek or Latin": null,
            "Romance": null,
            "Arabic": null,
            "Persian": null,
            "Turkish": null,
            "Hebrew": null,
            "Portuguese": null,
            "Japanese": null,
            "Korean": null,
            "Sumerian": null,
            "Armenian": null,
            "Kurdish": null,
            "Ottoman": null,
            "Syrian-Aramaic": null
        },
        "GPA": null,
        "is_german": null,
        "application_process": {
            "uni_assist": null
        },
        "standardized_tests": {
            "GMAT": "at least 65% percentile ranking is required if you received your first degree (usually a Bachelor’s degree) in China, Egypt, India, Pakistan, or Bangladesh.",
            "GRE": null
        },
        "application_deadline": [
            "2024-05-31"
        ]
    },
    "field_of_study": [
        "Mathematics, Natural Sciences",
        "Law, Economics and Social Sciences"
    ],
    "subject": [
        "Business and Economics",
        "Mathematics",
        "Computer Science"
    ]
}