{
    "course_details": {
        "course_title": "Master of Science in Applied Neurosciences in Sports & Exercise (ANSE)",
        "university": "Paderborn University",
        "location": "Paderborn",
        "duration": "4 semesters",
        "tuition_fees": "None",
        "language_of_instruction": "English",
        "mode_of_study": null
    },
    "requirements": {
        "language_requirements": {
            "English": {
                "level": "B2",
                "Toefl": "87",
                "IELTS": "5.5",
                "CPE": null
            },
            "German": null,
            "French": null,
            "Latin or Ancient Greek": null,
            "modern foreign language": null,
            "Chinese": null,
            "Spanish": null,
            "Italian": null,
            "Latin": null,
            "Slavic": null,
            "Romance language": null,
            "ancient Greek or Latin": null,
            "Romance": null,
            "Arabic": null,
            "Persian": null,
            "Turkish": null,
            "Hebrew": null,
            "Portuguese": null,
            "Japanese": null,
            "Korean": null,
            "Sumerian": null,
            "Armenian": null,
            "Kurdish": null,
            "Ottoman": null,
            "Syrian-Aramaic": null
        },
        "GPA": 2.5,
        "is_german": null,
        "application_process": {
            "uni_assist": "required"
        },
        "standardized_tests": {
            "GMAT": null,
            "GRE": null
        },
        "application_deadline": [
            "2024-05-31",
            "2024-09-21"
        ]
    },
    "field_of_study": [
        "Medicine",
        "Sport"
    ],
    "subject": [
        "Medicine in general",
        "Sport"
    ],
    "gpa": 2.5
}