{
    "course_details": {
        "course_title": "Master of Science in Global Logistics and Supply Chain Management",
        "university": "Kühne Logistics University",
        "location": "Hamburg",
        "duration": "4 semesters",
        "tuition_fees": "7,590 EUR per semester",
        "language_of_instruction": "English",
        "mode_of_study": null
    },
    "requirements": {
        "language_requirements": {
            "English": {
                "level": null,
                "Toefl": null,
                "IELTS": null,
                "CPE": null
            },
            "German": "No German language skills are required.",
            "French": null,
            "Latin or Ancient Greek": null,
            "modern foreign language": null,
            "Chinese": null,
            "Spanish": null,
            "Italian": null,
            "Latin": null,
            "Slavic": null,
            "Romance language": null,
            "ancient Greek or Latin": null,
            "Romance": null,
            "Arabic": null,
            "Persian": null,
            "Turkish": null,
            "Hebrew": null,
            "Portuguese": null,
            "Japanese": null,
            "Korean": null,
            "Sumerian": null,
            "Armenian": null,
            "Kurdish": null,
            "Ottoman": null,
            "Syrian-Aramaic": null
        },
        "GPA": null,
        "is_german": null,
        "application_process": {
            "uni_assist": null
        },
        "standardized_tests": {
            "GMAT": "A passing grade on the GMAT or TM WISO test is not an admissions requirement; however, the admissions committee will view test scores positively.",
            "GRE": null
        },
        "application_deadline": [
            "2024-11-01",
            "2025-01-15",
            "2025-03-31",
            "2025-05-31",
            "2025-07-15"
        ]
    },
    "field_of_study": [
        "Engineering",
        "Law, Economics and Social Sciences"
    ],
    "subject": [
        "Business and Economics",
        "Transport Engineering, Nautical Science"
    ]
}