{
    "course_details": {
        "course_title": "Social and Economic Data Science (SEDS) – Master of Science",
        "university": "University of Konstanz",
        "location": "Konstanz",
        "duration": "4 semesters",
        "tuition_fees": "Varied",
        "language_of_instruction": null,
        "mode_of_study": null
    },
    "requirements": {
        "language_requirements": {
            "English": {
                "level": null,
                "Toefl": null,
                "IELTS": null,
                "CPE": "of Proficiency in English"
            },
            "German": null,
            "French": null,
            "Latin or Ancient Greek": null,
            "modern foreign language": null,
            "Chinese": null,
            "Spanish": null,
            "Italian": null,
            "Latin": null,
            "Slavic": null,
            "Romance language": null,
            "ancient Greek or Latin": null,
            "Romance": null,
            "Arabic": null,
            "Persian": null,
            "Turkish": null,
            "Hebrew": null,
            "Portuguese": null,
            "Japanese": null,
            "Korean": null,
            "Sumerian": null,
            "Armenian": null,
            "Kurdish": null,
            "Ottoman": null,
            "Syrian-Aramaic": null
        },
        "GPA": null,
        "is_german": null,
        "application_process": {
            "uni_assist": null
        },
        "standardized_tests": {
            "GMAT": null,
            "GRE": null
        },
        "application_deadline": [
            "2024-04-30"
        ]
    },
    "field_of_study": [
        "Mathematics, Natural Sciences",
        "Languages and Cultural Studies",
        "Law, Economics and Social Sciences"
    ],
    "subject": [
        "Business and Economics",
        "Computer Science",
        "Psychology",
        "Social Science"
    ]
}