{
    "course_details": {
        "course_title": "Biomedical Engineering (MSc)",
        "university": "Hamburg University of Applied Sciences",
        "location": "Hamburg",
        "duration": "3 semesters",
        "tuition_fees": "None",
        "language_of_instruction": "English",
        "mode_of_study": null
    },
    "requirements": {
        "language_requirements": {
            "English": {
                "level": null,
                "Toefl": null,
                "IELTS": null,
                "CPE": "in Advanced English"
            },
            "German": "A2 German certificate from Goethe Institute",
            "French": null,
            "Latin or Ancient Greek": null,
            "modern foreign language": null,
            "Chinese": null,
            "Spanish": null,
            "Italian": null,
            "Latin": null,
            "Slavic": null,
            "Romance language": null,
            "ancient Greek or Latin": null,
            "Romance": null,
            "Arabic": null,
            "Persian": null,
            "Turkish": null,
            "Hebrew": null,
            "Portuguese": null,
            "Japanese": null,
            "Korean": null,
            "Sumerian": null,
            "Armenian": null,
            "Kurdish": null,
            "Ottoman": null,
            "Syrian-Aramaic": null
        },
        "GPA": null,
        "is_german": null,
        "application_process": {
            "uni_assist": "required"
        },
        "standardized_tests": {
            "GMAT": null,
            "GRE": "required"
        },
        "application_deadline": [
            "2024-07-15",
            "2025-01-15"
        ]
    },
    "field_of_study": [
        "Medicine",
        "Engineering"
    ],
    "subject": [
        "Medicine in general",
        "Engineering in general",
        "Electrical Engineering"
    ]
}