{
    "course_details": {
        "course_title": "International Master of Science in Quantum Engineering",
        "university": "Julius-Maximilians-Universität Würzburg",
        "location": "Würzburg",
        "duration": "4 semesters",
        "tuition_fees": "None",
        "language_of_instruction": null,
        "mode_of_study": null
    },
    "requirements": {
        "language_requirements": {
            "English": {
                "level": null,
                "Toefl": "550",
                "IELTS": "6.0",
                "CPE": null
            },
            "German": "A2 according CEFR (recommended)",
            "French": null,
            "Latin or Ancient Greek": null,
            "modern foreign language": null,
            "Chinese": null,
            "Spanish": null,
            "Italian": null,
            "Latin": null,
            "Slavic": null,
            "Romance language": null,
            "ancient Greek or Latin": null,
            "Romance": null,
            "Arabic": null,
            "Persian": null,
            "Turkish": null,
            "Hebrew": null,
            "Portuguese": null,
            "Japanese": null,
            "Korean": null,
            "Sumerian": null,
            "Armenian": null,
            "Kurdish": null,
            "Ottoman": null,
            "Syrian-Aramaic": null
        },
        "GPA": null,
        "is_german": null,
        "application_process": {
            "uni_assist": "not required"
        },
        "standardized_tests": {
            "GMAT": null,
            "GRE": null
        },
        "application_deadline": [
            "2025-03-15",
            "2024-10-31"
        ]
    },
    "field_of_study": [
        "Mathematics, Natural Sciences"
    ],
    "subject": [
        "Physics, Astronomy",
        "Chemistry",
        "Computer Science"
    ]
}