{
    "course_details": {
        "course_title": "Infection Biology and Control",
        "university": "University of Tübingen",
        "location": "Tübingen",
        "duration": "4 semesters",
        "tuition_fees": "None",
        "language_of_instruction": "English",
        "mode_of_study": "full-time"
    },
    "requirements": {
        "language_requirements": {
            "English": {
                "level": "B2",
                "Toefl": null,
                "IELTS": null,
                "CPE": null
            },
            "German": null,
            "French": "A2-level proficiency",
            "Latin or Ancient Greek": null,
            "modern foreign language": null,
            "Chinese": null,
            "Spanish": null,
            "Italian": null,
            "Latin": null,
            "Slavic": null,
            "Romance language": null,
            "ancient Greek or Latin": null,
            "Romance": null,
            "Arabic": null,
            "Persian": null,
            "Turkish": null,
            "Hebrew": null,
            "Portuguese": null,
            "Japanese": null,
            "Korean": null,
            "Sumerian": null,
            "Armenian": null,
            "Kurdish": null,
            "Ottoman": null,
            "Syrian-Aramaic": null
        },
        "GPA": "3.0",
        "is_german": false,
        "application_process": {
            "uni_assist": null
        },
        "standardized_tests": {
            "GMAT": null,
            "GRE": null
        },
        "application_deadline": [
            "2024-05-31"
        ]
    },
    "field_of_study": [
        "Mathematics, Natural Sciences"
    ],
    "subject": [
        "Biology"
    ],
    "gpa": "3.0"
}