{
    "course_details": {
        "course_title": "Chinese Studies with an Optional Focus (MA)",
        "university": "FAU Erlangen-Nürnberg",
        "location": "Erlangen",
        "duration": "4 semesters",
        "tuition_fees": "None",
        "language_of_instruction": null,
        "mode_of_study": null
    },
    "requirements": {
        "language_requirements": {
            "English": {
                "level": "C1",
                "Toefl": null,
                "IELTS": null,
                "CPE": null
            },
            "German": "a minimum level of B2 according to the CEFR in German is required When choosing a focus which is taught in German",
            "French": null,
            "Latin or Ancient Greek": null,
            "modern foreign language": null,
            "Chinese": null,
            "Spanish": null,
            "Italian": null,
            "Latin": null,
            "Slavic": null,
            "Romance language": null,
            "ancient Greek or Latin": null,
            "Romance": null,
            "Arabic": null,
            "Persian": null,
            "Turkish": null,
            "Hebrew": null,
            "Portuguese": null,
            "Japanese": null,
            "Korean": null,
            "Sumerian": null,
            "Armenian": null,
            "Kurdish": null,
            "Ottoman": null,
            "Syrian-Aramaic": null
        },
        "GPA": 3.0,
        "is_german": null,
        "application_process": {
            "uni_assist": null
        },
        "standardized_tests": {
            "GMAT": null,
            "GRE": null
        },
        "application_deadline": [
            "2024-07-15",
            "2025-02-15"
        ]
    },
    "field_of_study": [
        "Languages and Cultural Studies",
        "Law, Economics and Social Sciences"
    ],
    "subject": [
        "Business and Economics",
        "Other / Non-European Languages and Cultural Studies",
        "Political Science",
        "English Studies, American Studies"
    ],
    "gpa": 3.0
}