{
    "course_details": {
        "course_title": "Global Change: Ecosystem Science and Policy",
        "university": "Justus Liebig University Giessen",
        "location": "Gießen",
        "duration": "3 semesters",
        "tuition_fees": "None",
        "language_of_instruction": null,
        "mode_of_study": null
    },
    "requirements": {
        "language_requirements": {
            "English": {
                "level": null,
                "Toefl": null,
                "IELTS": "6.5",
                "CPE": null
            },
            "German": null,
            "French": null,
            "Latin or Ancient Greek": null,
            "modern foreign language": null,
            "Chinese": null,
            "Spanish": null,
            "Italian": null,
            "Latin": null,
            "Slavic": null,
            "Romance language": null,
            "ancient Greek or Latin": null,
            "Romance": null,
            "Arabic": null,
            "Persian": null,
            "Turkish": null,
            "Hebrew": null,
            "Portuguese": null,
            "Japanese": null,
            "Korean": null,
            "Sumerian": null,
            "Armenian": null,
            "Kurdish": null,
            "Ottoman": null,
            "Syrian-Aramaic": null
        },
        "GPA": 2.48,
        "is_german": null,
        "application_process": {
            "uni_assist": null
        },
        "standardized_tests": {
            "GMAT": null,
            "GRE": null
        },
        "application_deadline": [
            "2024-07-15"
        ]
    },
    "field_of_study": [
        "Mathematics, Natural Sciences",
        "Agriculture, Forestry and Nutritional Sciences",
        "Law, Economics and Social Sciences"
    ],
    "subject": [
        "Law, Economics and Social Sciences in general",
        "Mathematics, Natural Sciences in general",
        "Agriculture, Forestry and Nutritional Sciences in general",
        "Biology"
    ],
    "gpa": 2.48
}