{
    "course_details": {
        "course_title": "Finance MSc",
        "university": "accadis Hochschule Bad Homburg | University of Applied Sciences",
        "location": "Bad Homburg vor der Höhe",
        "duration": "4 semesters",
        "tuition_fees": "5,700 EUR",
        "language_of_instruction": null,
        "mode_of_study": null
    },
    "requirements": {
        "language_requirements": {
            "English": {
                "level": null,
                "Toefl": null,
                "IELTS": null,
                "CPE": null
            },
            "German": "minimum B1 level are recommended",
            "French": null,
            "Latin or Ancient Greek": null,
            "modern foreign language": null,
            "Chinese": null,
            "Spanish": null,
            "Italian": null,
            "Latin": null,
            "Slavic": null,
            "Romance language": null,
            "ancient Greek or Latin": null,
            "Romance": null,
            "Arabic": null,
            "Persian": null,
            "Turkish": null,
            "Hebrew": null,
            "Portuguese": null,
            "Japanese": null,
            "Korean": null,
            "Sumerian": null,
            "Armenian": null,
            "Kurdish": null,
            "Ottoman": null,
            "Syrian-Aramaic": null
        },
        "GPA": null,
        "is_german": null,
        "application_process": {
            "uni_assist": null
        },
        "standardized_tests": {
            "GMAT": null,
            "GRE": null
        },
        "application_deadline": [
            "2024-06-15",
            "2024-09-01",
            "2024-09-01",
            "2024-10-15"
        ]
    },
    "field_of_study": [
        "Law, Economics and Social Sciences"
    ],
    "subject": [
        "Business and Economics"
    ]
}