{
    "course_details": {
        "course_title": "Battery Systems Engineering (BSE)",
        "university": "RWTH Aachen University",
        "location": "Aachen",
        "duration": "4 semesters",
        "tuition_fees": "6,000 EUR",
        "language_of_instruction": "English",
        "mode_of_study": null
    },
    "requirements": {
        "language_requirements": {
            "English": {
                "level": "B2",
                "Toefl": null,
                "IELTS": null,
                "CPE": null
            },
            "German": null,
            "French": null,
            "Latin or Ancient Greek": null,
            "modern foreign language": null,
            "Chinese": null,
            "Spanish": null,
            "Italian": null,
            "Latin": null,
            "Slavic": null,
            "Romance language": null,
            "ancient Greek or Latin": null,
            "Romance": null,
            "Arabic": null,
            "Persian": null,
            "Turkish": null,
            "Hebrew": null,
            "Portuguese": null,
            "Japanese": null,
            "Korean": null,
            "Sumerian": null,
            "Armenian": null,
            "Kurdish": null,
            "Ottoman": null,
            "Syrian-Aramaic": null
        },
        "GPA": null,
        "is_german": null,
        "application_process": {
            "uni_assist": null
        },
        "standardized_tests": {
            "GMAT": null,
            "GRE": "Verbal Reasoning: 145 points | Quantitative Reasoning: 160 points | Analytical Writing: 3 points"
        },
        "application_deadline": [
            "2024-03-01",
            "2024-07-15",
            "2025-01-15",
            "2025-04-15"
        ]
    },
    "field_of_study": [
        "Mathematics, Natural Sciences",
        "Engineering"
    ],
    "subject": [
        "Mechanical Engineering / Process Engineering",
        "Engineering in general",
        "Mathematics, Natural Sciences in general",
        "Electrical Engineering"
    ]
}