{
    "course_details": {
        "course_title": "Master of Business Administration (MBA) – European Management",
        "university": "Saarland University",
        "location": "Saarbrücken",
        "duration": "2 semesters, 8 semesters",
        "tuition_fees": "Full-time studies: 12,000 EUR; Part-time studies: 14,500 EUR",
        "language_of_instruction": "English",
        "mode_of_study": "Full-time or Part-time"
    },
    "requirements": {
        "language_requirements": {
            "English": {
                "level": null,
                "Toefl": null,
                "IELTS": null,
                "CPE": null
            },
            "German": null,
            "French": null,
            "Latin or Ancient Greek": null,
            "modern foreign language": null,
            "Chinese": null,
            "Spanish": null,
            "Italian": null,
            "Latin": null,
            "Slavic": null,
            "Romance language": null,
            "ancient Greek or Latin": null,
            "Romance": null,
            "Arabic": null,
            "Persian": null,
            "Turkish": null,
            "Hebrew": null,
            "Portuguese": null,
            "Japanese": null,
            "Korean": null,
            "Sumerian": null,
            "Armenian": null,
            "Kurdish": null,
            "Ottoman": null,
            "Syrian-Aramaic": null
        },
        "GPA": null,
        "is_german": null,
        "application_process": {
            "uni_assist": null
        },
        "standardized_tests": {
            "GMAT": "Required, but might be waived in some exceptional cases or justified cases",
            "GRE": null
        },
        "application_deadline": [
            "2024-07-15",
            "2024-09-30"
        ]
    },
    "field_of_study": [
        "Law, Economics and Social Sciences"
    ],
    "subject": [
        "Business and Economics"
    ]
}