{
    "course_details": {
        "course_title": "Population-Based Medicine",
        "university": "University of Tübingen",
        "location": "Tübingen",
        "duration": "4 semesters",
        "tuition_fees": "Approx. 1,500 EUR per semester for students from non-EU countries",
        "language_of_instruction": null,
        "mode_of_study": null
    },
    "requirements": {
        "language_requirements": {
            "English": {
                "level": "B2",
                "Toefl": null,
                "IELTS": null,
                "CPE": null
            },
            "German": null,
            "French": null,
            "Latin or Ancient Greek": null,
            "modern foreign language": null,
            "Chinese": null,
            "Spanish": null,
            "Italian": null,
            "Latin": null,
            "Slavic": null,
            "Romance language": null,
            "ancient Greek or Latin": null,
            "Romance": null,
            "Arabic": null,
            "Persian": null,
            "Turkish": null,
            "Hebrew": null,
            "Portuguese": null,
            "Japanese": null,
            "Korean": null,
            "Sumerian": null,
            "Armenian": null,
            "Kurdish": null,
            "Ottoman": null,
            "Syrian-Aramaic": null
        },
        "GPA": "2.5",
        "is_german": null,
        "application_process": {
            "uni_assist": null
        },
        "standardized_tests": {
            "GMAT": null,
            "GRE": null
        },
        "application_deadline": [
            "2025-04-15"
        ]
    },
    "field_of_study": [
        "Medicine"
    ],
    "subject": [
        "Medicine in general"
    ],
    "gpa": "2.5"
}