{
    "course_details": {
        "course_title": "Master of Science in International Material Flow Management (IMAT MSc)",
        "university": "Trier University of Applied Sciences",
        "location": "Birkenfeld",
        "duration": "4 semesters",
        "tuition_fees": "3,000 EUR",
        "language_of_instruction": null,
        "mode_of_study": null
    },
    "requirements": {
        "language_requirements": {
            "English": {
                "level": null,
                "Toefl": null,
                "IELTS": "6.0",
                "CPE": null
            },
            "German": null,
            "French": null,
            "Latin or Ancient Greek": null,
            "modern foreign language": null,
            "Chinese": null,
            "Spanish": null,
            "Italian": null,
            "Latin": null,
            "Slavic": null,
            "Romance language": null,
            "ancient Greek or Latin": null,
            "Romance": null,
            "Arabic": null,
            "Persian": null,
            "Turkish": null,
            "Hebrew": null,
            "Portuguese": null,
            "Japanese": null,
            "Korean": null,
            "Sumerian": null,
            "Armenian": null,
            "Kurdish": null,
            "Ottoman": null,
            "Syrian-Aramaic": null
        },
        "GPA": null,
        "is_german": null,
        "application_process": {
            "uni_assist": null
        },
        "standardized_tests": {
            "GMAT": null,
            "GRE": null
        },
        "application_deadline": [
            "2024-05-31",
            "2024-09-01"
        ]
    },
    "field_of_study": [
        "Engineering",
        "Law, Economics and Social Sciences"
    ],
    "subject": [
        "Law, Economics and Social Sciences in general",
        "Engineering in general"
    ]
}