{
    "course_details": {
        "course_title": "European Master's in Renewable Energy (EMRE)",
        "university": "Carl von Ossietzky University of Oldenburg",
        "location": "Oldenburg",
        "duration": "3 semesters",
        "tuition_fees": "For the 2024/2025 academic year, the course fee is 8,000 EUR for EU students and 13,000 EUR for non-EU students.",
        "language_of_instruction": "English",
        "mode_of_study": null
    },
    "requirements": {
        "language_requirements": {
            "English": {
                "level": null,
                "Toefl": null,
                "IELTS": null,
                "CPE": null
            },
            "German": null,
            "French": null,
            "Latin or Ancient Greek": null,
            "modern foreign language": null,
            "Chinese": null,
            "Spanish": null,
            "Italian": null,
            "Latin": null,
            "Slavic": null,
            "Romance language": null,
            "ancient Greek or Latin": null,
            "Romance": null,
            "Arabic": null,
            "Persian": null,
            "Turkish": null,
            "Hebrew": null,
            "Portuguese": null,
            "Japanese": null,
            "Korean": null,
            "Sumerian": null,
            "Armenian": null,
            "Kurdish": null,
            "Ottoman": null,
            "Syrian-Aramaic": null
        },
        "GPA": null,
        "is_german": null,
        "application_process": {
            "uni_assist": null
        },
        "standardized_tests": {
            "GMAT": null,
            "GRE": null
        },
        "application_deadline": [
            "2024-04-15"
        ]
    },
    "field_of_study": [
        "Mathematics, Natural Sciences",
        "Engineering",
        "Law, Economics and Social Sciences"
    ],
    "subject": [
        "Engineering in general",
        "Mathematics, Natural Sciences in general",
        "Social Science"
    ]
}