{
    "course_details": {
        "course_title": "Physics (MSc)",
        "university": "University of Tübingen",
        "location": "Tübingen",
        "duration": "2 semesters, 4 semesters",
        "tuition_fees": "1,500 EUR",
        "language_of_instruction": null,
        "mode_of_study": null
    },
    "requirements": {
        "language_requirements": {
            "English": {
                "level": "B2",
                "Toefl": null,
                "IELTS": null,
                "CPE": null
            },
            "German": "B2 CEFR or DSH2",
            "French": null,
            "Latin or Ancient Greek": null,
            "modern foreign language": null,
            "Chinese": null,
            "Spanish": null,
            "Italian": null,
            "Latin": null,
            "Slavic": null,
            "Romance language": null,
            "ancient Greek or Latin": null,
            "Romance": null,
            "Arabic": null,
            "Persian": null,
            "Turkish": null,
            "Hebrew": null,
            "Portuguese": null,
            "Japanese": null,
            "Korean": null,
            "Sumerian": null,
            "Armenian": null,
            "Kurdish": null,
            "Ottoman": null,
            "Syrian-Aramaic": null
        },
        "GPA": 3.3,
        "is_german": null,
        "application_process": {
            "uni_assist": null
        },
        "standardized_tests": {
            "GMAT": null,
            "GRE": null
        },
        "application_deadline": [
            "2024-09-15",
            "2024-03-31",
            "2024-07-15",
            "2024-01-15"
        ]
    },
    "field_of_study": [
        "Mathematics, Natural Sciences"
    ],
    "subject": [
        "Physics, Astronomy"
    ],
    "gpa": 3.3
}