{
    "course_details": {
        "course_title": "Human Computer Interaction (HCI)",
        "university": "University of Siegen",
        "location": "Siegen",
        "duration": "4 semesters",
        "tuition_fees": "None",
        "language_of_instruction": null,
        "mode_of_study": null
    },
    "requirements": {
        "language_requirements": {
            "English": {
                "level": "B2",
                "Toefl": "94",
                "IELTS": "6.5",
                "CPE": null
            },
            "German": null,
            "French": null,
            "Latin or Ancient Greek": null,
            "modern foreign language": null,
            "Chinese": null,
            "Spanish": null,
            "Italian": null,
            "Latin": null,
            "Slavic": null,
            "Romance language": null,
            "ancient Greek or Latin": null,
            "Romance": null,
            "Arabic": null,
            "Persian": null,
            "Turkish": null,
            "Hebrew": null,
            "Portuguese": null,
            "Japanese": null,
            "Korean": null,
            "Sumerian": null,
            "Armenian": null,
            "Kurdish": null,
            "Ottoman": null,
            "Syrian-Aramaic": null
        },
        "GPA": 2.5,
        "is_german": null,
        "application_process": {
            "uni_assist": null
        },
        "standardized_tests": {
            "GMAT": null,
            "GRE": null
        },
        "application_deadline": [
            "2024-06-01",
            "2024-12-01"
        ]
    },
    "field_of_study": [
        "Art, Art Theory",
        "Mathematics, Natural Sciences",
        "Languages and Cultural Studies",
        "Law, Economics and Social Sciences"
    ],
    "subject": [
        "Computer Science",
        "Design",
        "Psychology",
        "Social Science"
    ],
    "gpa": 2.5
}