{
    "course_details": {
        "course_title": "Climate Change Management (MCC)",
        "university": "Weihenstephan-Triesdorf University of Applied Sciences",
        "location": "Freising",
        "duration": "3 semesters, 4 semesters",
        "tuition_fees": "None",
        "language_of_instruction": "English",
        "mode_of_study": null
    },
    "requirements": {
        "language_requirements": {
            "English": {
                "level": "B2",
                "Toefl": null,
                "IELTS": null,
                "CPE": null
            },
            "German": "A1 (CEFR) by the end of the studies",
            "French": null,
            "Latin or Ancient Greek": null,
            "modern foreign language": null,
            "Chinese": null,
            "Spanish": null,
            "Italian": null,
            "Latin": null,
            "Slavic": null,
            "Romance language": null,
            "ancient Greek or Latin": null,
            "Romance": null,
            "Arabic": null,
            "Persian": null,
            "Turkish": null,
            "Hebrew": null,
            "Portuguese": null,
            "Japanese": null,
            "Korean": null,
            "Sumerian": null,
            "Armenian": null,
            "Kurdish": null,
            "Ottoman": null,
            "Syrian-Aramaic": null
        },
        "GPA": null,
        "is_german": null,
        "application_process": {
            "uni_assist": "required"
        },
        "standardized_tests": {
            "GMAT": null,
            "GRE": null
        },
        "application_deadline": [
            "2024-07-15"
        ]
    },
    "field_of_study": [
        "Mathematics, Natural Sciences",
        "Agriculture, Forestry and Nutritional Sciences"
    ],
    "subject": [
        "Forestry, Wood Economics",
        "Geography",
        "Agriculture, Forestry and Nutritional Sciences in general",
        "Land Management, Environmental Architecture"
    ]
}