{
    "course_details": {
        "course_title": "Simulation and System Design (SSD)",
        "university": "Stralsund University of Applied Sciences",
        "location": "Stralsund",
        "duration": "3 semesters, 4 semesters",
        "tuition_fees": "None",
        "language_of_instruction": null,
        "mode_of_study": "Full-time"
    },
    "requirements": {
        "language_requirements": {
            "English": {
                "level": "B2",
                "Toefl": null,
                "IELTS": null,
                "CPE": null
            },
            "German": null,
            "French": null,
            "Latin or Ancient Greek": null,
            "modern foreign language": null,
            "Chinese": null,
            "Spanish": null,
            "Italian": null,
            "Latin": null,
            "Slavic": null,
            "Romance language": null,
            "ancient Greek or Latin": null,
            "Romance": null,
            "Arabic": null,
            "Persian": null,
            "Turkish": null,
            "Hebrew": null,
            "Portuguese": null,
            "Japanese": null,
            "Korean": null,
            "Sumerian": null,
            "Armenian": null,
            "Kurdish": null,
            "Ottoman": null,
            "Syrian-Aramaic": null
        },
        "GPA": 1.7,
        "is_german": null,
        "application_process": {
            "uni_assist": "required"
        },
        "standardized_tests": {
            "GMAT": null,
            "GRE": null
        },
        "application_deadline": []
    },
    "field_of_study": [
        "Engineering"
    ],
    "subject": [
        "Mechanical Engineering / Process Engineering"
    ],
    "gpa": 1.7
}