{
    "course_details": {
        "course_title": "British and American Cultures: Texts and Media",
        "university": "Universität Hamburg",
        "location": "Hamburg",
        "duration": "4 semesters",
        "tuition_fees": "None",
        "language_of_instruction": null,
        "mode_of_study": null
    },
    "requirements": {
        "language_requirements": {
            "English": {
                "level": "C2",
                "Toefl": null,
                "IELTS": null,
                "CPE": null
            },
            "German": "A high level of proficiency in both English and German",
            "French": null,
            "Latin or Ancient Greek": null,
            "modern foreign language": null,
            "Chinese": null,
            "Spanish": null,
            "Italian": null,
            "Latin": null,
            "Slavic": null,
            "Romance language": null,
            "ancient Greek or Latin": null,
            "Romance": null,
            "Arabic": null,
            "Persian": null,
            "Turkish": null,
            "Hebrew": null,
            "Portuguese": null,
            "Japanese": null,
            "Korean": null,
            "Sumerian": null,
            "Armenian": null,
            "Kurdish": null,
            "Ottoman": null,
            "Syrian-Aramaic": null
        },
        "GPA": null,
        "is_german": null,
        "application_process": {
            "uni_assist": null
        },
        "standardized_tests": {
            "GMAT": null,
            "GRE": null
        },
        "application_deadline": [
            "2024-06-01",
            "2024-07-15"
        ]
    },
    "field_of_study": [
        "Languages and Cultural Studies"
    ],
    "subject": [
        "English Studies, American Studies"
    ]
}