{
    "course_details": {
        "course_title": "International Master of Science in Sustainable and Innovative Natural Resource Management (SINReM)",
        "university": "TU Bergakademie Freiberg",
        "location": "Freiberg",
        "duration": "4 semesters",
        "tuition_fees": "Varied",
        "language_of_instruction": null,
        "mode_of_study": null
    },
    "requirements": {
        "language_requirements": {
            "English": {
                "level": "C1",
                "Toefl": null,
                "IELTS": null,
                "CPE": "in Advanced English"
            },
            "German": null,
            "French": null,
            "Latin or Ancient Greek": null,
            "modern foreign language": null,
            "Chinese": null,
            "Spanish": null,
            "Italian": null,
            "Latin": null,
            "Slavic": null,
            "Romance language": null,
            "ancient Greek or Latin": null,
            "Romance": null,
            "Arabic": null,
            "Persian": null,
            "Turkish": null,
            "Hebrew": null,
            "Portuguese": null,
            "Japanese": null,
            "Korean": null,
            "Sumerian": null,
            "Armenian": null,
            "Kurdish": null,
            "Ottoman": null,
            "Syrian-Aramaic": null
        },
        "GPA": null,
        "is_german": null,
        "application_process": {
            "uni_assist": null
        },
        "standardized_tests": {
            "GMAT": null,
            "GRE": null
        },
        "application_deadline": [
            "2024-02-28",
            "2024-05-31"
        ]
    },
    "field_of_study": [
        "Mathematics, Natural Sciences",
        "Engineering"
    ],
    "subject": [
        "Earth Sciences (excluding Geography)",
        "Chemistry",
        "Mining, Metallurgy",
        "Mathematics, Natural Sciences in general"
    ]
}