{
    "course_details": {
        "course_title": "Master of Business Administration in International Management (MBA)",
        "university": "Pforzheim University",
        "location": "Pforzheim",
        "duration": "3 semesters, 4 semesters",
        "tuition_fees": "4,600 EUR",
        "language_of_instruction": null,
        "mode_of_study": null
    },
    "requirements": {
        "language_requirements": {
            "English": {
                "level": null,
                "Toefl": "100",
                "IELTS": "7.0",
                "CPE": null
            },
            "German": null,
            "French": null,
            "Latin or Ancient Greek": null,
            "modern foreign language": null,
            "Chinese": null,
            "Spanish": null,
            "Italian": null,
            "Latin": null,
            "Slavic": null,
            "Romance language": null,
            "ancient Greek or Latin": null,
            "Romance": null,
            "Arabic": null,
            "Persian": null,
            "Turkish": null,
            "Hebrew": null,
            "Portuguese": null,
            "Japanese": null,
            "Korean": null,
            "Sumerian": null,
            "Armenian": null,
            "Kurdish": null,
            "Ottoman": null,
            "Syrian-Aramaic": null
        },
        "GPA": null,
        "is_german": null,
        "application_process": {
            "uni_assist": null
        },
        "standardized_tests": {
            "GMAT": "expected score 550+ or equivalent",
            "GRE": "equivalent GRE"
        },
        "application_deadline": [
            "2024-06-15",
            "2024-07-31",
            "2024-12-15",
            "2025-01-31"
        ]
    },
    "field_of_study": [
        "Law, Economics and Social Sciences"
    ],
    "subject": [
        "Business and Economics",
        "Law, Economics and Social Sciences in general"
    ]
}