{
    "course_details": {
        "course_title": "Automotive Service Technology and Processes (ASTP)",
        "university": "Ostfalia University of Applied Sciences - Hochschule Braunschweig/Wolfenbüttel",
        "location": "Wolfsburg",
        "duration": "3 semesters",
        "tuition_fees": "Registration fee: 1,000 EUR\nSemester fee for the first and second semester: 3,600 EUR\nSemester fee for the third semester: 2,800 EUR\nFrom the fifth semester onwards for every additional semester: 200 EUR",
        "language_of_instruction": null,
        "mode_of_study": null
    },
    "requirements": {
        "language_requirements": {
            "English": {
                "level": null,
                "Toefl": null,
                "IELTS": null,
                "CPE": null
            },
            "German": "A2 level during the application process\nGerman skills B1 level after the lessons of the third semester and before the start of the internship",
            "French": null,
            "Latin or Ancient Greek": null,
            "modern foreign language": null,
            "Chinese": null,
            "Spanish": null,
            "Italian": null,
            "Latin": null,
            "Slavic": null,
            "Romance language": null,
            "ancient Greek or Latin": null,
            "Romance": null,
            "Arabic": null,
            "Persian": null,
            "Turkish": null,
            "Hebrew": null,
            "Portuguese": null,
            "Japanese": null,
            "Korean": null,
            "Sumerian": null,
            "Armenian": null,
            "Kurdish": null,
            "Ottoman": null,
            "Syrian-Aramaic": null
        },
        "GPA": null,
        "is_german": null,
        "application_process": {
            "uni_assist": null
        },
        "standardized_tests": {
            "GMAT": null,
            "GRE": null
        },
        "application_deadline": [
            "2024-05-15"
        ]
    },
    "field_of_study": [
        "Engineering"
    ],
    "subject": [
        "Mechanical Engineering / Process Engineering"
    ]
}