{
    "course_details": {
        "course_title": "Global Health",
        "university": "University of Bonn",
        "location": "Bonn",
        "duration": "2 semesters",
        "tuition_fees": "4,850 EUR",
        "language_of_instruction": "English",
        "mode_of_study": "Full-time or Part-time"
    },
    "requirements": {
        "language_requirements": {
            "English": {
                "level": "B2",
                "Toefl": null,
                "IELTS": null,
                "CPE": null
            },
            "German": null,
            "French": null,
            "Latin or Ancient Greek": null,
            "modern foreign language": null,
            "Chinese": null,
            "Spanish": null,
            "Italian": null,
            "Latin": null,
            "Slavic": null,
            "Romance language": null,
            "ancient Greek or Latin": null,
            "Romance": null,
            "Arabic": null,
            "Persian": null,
            "Turkish": null,
            "Hebrew": null,
            "Portuguese": null,
            "Japanese": null,
            "Korean": null,
            "Sumerian": null,
            "Armenian": null,
            "Kurdish": null,
            "Ottoman": null,
            "Syrian-Aramaic": null
        },
        "GPA": null,
        "is_german": null,
        "application_process": {
            "uni_assist": null
        },
        "standardized_tests": {
            "GMAT": null,
            "GRE": null
        },
        "application_deadline": [
            "2024-10-15",
            "2025-03-15",
            "2024-07-15"
        ]
    },
    "field_of_study": [
        "Medicine",
        "Veterinary Medicine",
        "Agriculture, Forestry and Nutritional Sciences",
        "Law, Economics and Social Sciences"
    ],
    "subject": [
        "Medicine in general",
        "Veterinary Medicine in general",
        "Social Science",
        "Nutritional and Domestic Science"
    ]
}