{
    "course_details": {
        "course_title": "Business Intelligence and Data Analytics",
        "university": "University of Applied Sciences Emden/Leer",
        "location": "Emden",
        "duration": "3 semesters",
        "tuition_fees": "5,980 EUR",
        "language_of_instruction": null,
        "mode_of_study": "full-time or part-time"
    },
    "requirements": {
        "language_requirements": {
            "English": {
                "level": null,
                "Toefl": "-",
                "IELTS": null,
                "CPE": null
            },
            "German": null,
            "French": null,
            "Latin or Ancient Greek": null,
            "modern foreign language": null,
            "Chinese": null,
            "Spanish": null,
            "Italian": null,
            "Latin": null,
            "Slavic": null,
            "Romance language": null,
            "ancient Greek or Latin": null,
            "Romance": null,
            "Arabic": null,
            "Persian": null,
            "Turkish": null,
            "Hebrew": null,
            "Portuguese": null,
            "Japanese": null,
            "Korean": null,
            "Sumerian": null,
            "Armenian": null,
            "Kurdish": null,
            "Ottoman": null,
            "Syrian-Aramaic": null
        },
        "GPA": null,
        "is_german": null,
        "application_process": {
            "uni_assist": "required"
        },
        "standardized_tests": {
            "GMAT": null,
            "GRE": null
        },
        "application_deadline": [
            "2025-02-01",
            "2025-04-30",
            "2025-05-01",
            "2025-07-15",
            "2024-06-01",
            "2024-09-30",
            "2024-12-01",
            "2025-01-15"
        ]
    },
    "field_of_study": [
        "Mathematics, Natural Sciences",
        "Engineering",
        "Law, Economics and Social Sciences"
    ],
    "subject": [
        "Mechanical Engineering / Process Engineering",
        "Business and Economics",
        "Computer Science"
    ]
}