{
    "course_details": {
        "course_title": "Global Online Master of Business Administration (MBA)",
        "university": "WHU - Otto Beisheim School of Management",
        "location": "Düsseldorf",
        "duration": "4 semesters",
        "tuition_fees": "9,000 EUR",
        "language_of_instruction": "English",
        "mode_of_study": "Online"
    },
    "requirements": {
        "language_requirements": {
            "English": {
                "level": null,
                "Toefl": null,
                "IELTS": null,
                "CPE": null
            },
            "German": null,
            "French": null,
            "Latin or Ancient Greek": null,
            "modern foreign language": null,
            "Chinese": null,
            "Spanish": null,
            "Italian": null,
            "Latin": null,
            "Slavic": null,
            "Romance language": null,
            "ancient Greek or Latin": null,
            "Romance": null,
            "Arabic": null,
            "Persian": null,
            "Turkish": null,
            "Hebrew": null,
            "Portuguese": null,
            "Japanese": null,
            "Korean": null,
            "Sumerian": null,
            "Armenian": null,
            "Kurdish": null,
            "Ottoman": null,
            "Syrian-Aramaic": null
        },
        "GPA": null,
        "is_german": null,
        "application_process": {
            "uni_assist": null
        },
        "standardized_tests": {
            "GMAT": "dependent on previous experience",
            "GRE": "dependent on previous experience"
        },
        "application_deadline": [
            "2024-02-01",
            "2024-08-01"
        ]
    },
    "field_of_study": [
        "Law, Economics and Social Sciences"
    ],
    "subject": [
        "Business and Economics"
    ]
}