{
    "course_details": {
        "course_title": "Financial Engineering",
        "university": "RPTU University of Kaiserslautern-Landau •",
        "location": "Kaiserslautern",
        "duration": "6 semesters",
        "tuition_fees": "1,990 EUR",
        "language_of_instruction": null,
        "mode_of_study": "distance learning"
    },
    "requirements": {
        "language_requirements": {
            "English": {
                "level": null,
                "Toefl": null,
                "IELTS": null,
                "CPE": null
            },
            "German": null,
            "French": null,
            "Latin or Ancient Greek": null,
            "modern foreign language": null,
            "Chinese": null,
            "Spanish": null,
            "Italian": null,
            "Latin": null,
            "Slavic": null,
            "Romance language": null,
            "ancient Greek or Latin": null,
            "Romance": null,
            "Arabic": null,
            "Persian": null,
            "Turkish": null,
            "Hebrew": null,
            "Portuguese": null,
            "Japanese": null,
            "Korean": null,
            "Sumerian": null,
            "Armenian": null,
            "Kurdish": null,
            "Ottoman": null,
            "Syrian-Aramaic": null
        },
        "GPA": null,
        "is_german": null,
        "application_process": {
            "uni_assist": null
        },
        "standardized_tests": {
            "GMAT": null,
            "GRE": null
        },
        "application_deadline": []
    },
    "field_of_study": [
        "Mathematics, Natural Sciences",
        "Law, Economics and Social Sciences"
    ],
    "subject": [
        "Business and Economics",
        "Mathematics",
        "Mathematics, Natural Sciences in general"
    ]
}