{
    "course_details": {
        "course_title": "Berlin MBA (part-time)",
        "university": "HWR Berlin (Berlin School of Economics and Law)",
        "location": "Berlin",
        "duration": "4 semesters",
        "tuition_fees": "22,400 EUR",
        "language_of_instruction": null,
        "mode_of_study": null
    },
    "requirements": {
        "language_requirements": {
            "English": {
                "level": null,
                "Toefl": "79",
                "IELTS": "6.5",
                "CPE": null
            },
            "German": null,
            "French": null,
            "Latin or Ancient Greek": null,
            "modern foreign language": null,
            "Chinese": null,
            "Spanish": null,
            "Italian": null,
            "Latin": null,
            "Slavic": null,
            "Romance language": null,
            "ancient Greek or Latin": null,
            "Romance": null,
            "Arabic": null,
            "Persian": null,
            "Turkish": null,
            "Hebrew": null,
            "Portuguese": null,
            "Japanese": null,
            "Korean": null,
            "Sumerian": null,
            "Armenian": null,
            "Kurdish": null,
            "Ottoman": null,
            "Syrian-Aramaic": null
        },
        "GPA": null,
        "is_german": null,
        "application_process": {
            "uni_assist": null
        },
        "standardized_tests": {
            "GMAT": null,
            "GRE": null
        },
        "application_deadline": []
    },
    "field_of_study": [
        "Law, Economics and Social Sciences"
    ],
    "subject": [
        "Business and Economics"
    ]
}