{
    "course_details": {
        "course_title": "International Master of Science in Rural Development (IMRD)",
        "university": "Humboldt-Universität zu Berlin",
        "location": "Berlin",
        "duration": "4 semesters",
        "tuition_fees": "4,500 EUR per academic year for programme country nationals; 9,000 EUR per academic year for partner country nationals",
        "language_of_instruction": null,
        "mode_of_study": null
    },
    "requirements": {
        "language_requirements": {
            "English": {
                "level": "B2",
                "Toefl": "80",
                "IELTS": "6.5",
                "CPE": null
            },
            "German": null,
            "French": null,
            "Latin or Ancient Greek": null,
            "modern foreign language": null,
            "Chinese": null,
            "Spanish": null,
            "Italian": null,
            "Latin": null,
            "Slavic": null,
            "Romance language": null,
            "ancient Greek or Latin": null,
            "Romance": null,
            "Arabic": null,
            "Persian": null,
            "Turkish": null,
            "Hebrew": null,
            "Portuguese": null,
            "Japanese": null,
            "Korean": null,
            "Sumerian": null,
            "Armenian": null,
            "Kurdish": null,
            "Ottoman": null,
            "Syrian-Aramaic": null
        },
        "GPA": null,
        "is_german": null,
        "application_process": {
            "uni_assist": null
        },
        "standardized_tests": {
            "GMAT": null,
            "GRE": null
        },
        "application_deadline": [
            "2024-03-01",
            "2024-06-01"
        ]
    },
    "field_of_study": [
        "Agriculture, Forestry and Nutritional Sciences",
        "Law, Economics and Social Sciences"
    ],
    "subject": [
        "Business and Economics",
        "Social Science",
        "Agriculture, Forestry and Nutritional Sciences in general",
        "Land Management, Environmental Architecture"
    ]
}