{
    "course_details": {
        "course_title": "International Business – General | Hospitality Management | Healthcare Management (MA)",
        "university": "SRH Universities",
        "location": "Dresden",
        "duration": "2 semesters, 4 semesters",
        "tuition_fees": "5,500 EUR",
        "language_of_instruction": null,
        "mode_of_study": null
    },
    "requirements": {
        "language_requirements": {
            "English": {
                "level": "B2",
                "Toefl": null,
                "IELTS": null,
                "CPE": null
            },
            "German": null,
            "French": null,
            "Latin or Ancient Greek": null,
            "modern foreign language": null,
            "Chinese": null,
            "Spanish": null,
            "Italian": null,
            "Latin": null,
            "Slavic": null,
            "Romance language": null,
            "ancient Greek or Latin": null,
            "Romance": null,
            "Arabic": null,
            "Persian": null,
            "Turkish": null,
            "Hebrew": null,
            "Portuguese": null,
            "Japanese": null,
            "Korean": null,
            "Sumerian": null,
            "Armenian": null,
            "Kurdish": null,
            "Ottoman": null,
            "Syrian-Aramaic": null
        },
        "GPA": null,
        "is_german": null,
        "application_process": {
            "uni_assist": null
        },
        "standardized_tests": {
            "GMAT": null,
            "GRE": null
        },
        "application_deadline": [
            "2024-02-01",
            "2024-08-15",
            "2024-04-01",
            "2024-10-01"
        ]
    },
    "field_of_study": [
        "Medicine",
        "Law, Economics and Social Sciences"
    ],
    "subject": [
        "Business and Economics",
        "Law, Economics and Social Sciences in general",
        "Medicine in general"
    ]
}