{
    "course_details": {
        "course_title": "Professional IT Business & Digitalisation",
        "university": "HTW Berlin University of Applied Sciences •",
        "location": "Berlin",
        "duration": "3 semesters",
        "tuition_fees": "4,750 EUR",
        "language_of_instruction": null,
        "mode_of_study": null
    },
    "requirements": {
        "language_requirements": {
            "English": {
                "level": null,
                "Toefl": "570",
                "IELTS": null,
                "CPE": null
            },
            "German": null,
            "French": null,
            "Latin or Ancient Greek": null,
            "modern foreign language": null,
            "Chinese": null,
            "Spanish": null,
            "Italian": null,
            "Latin": null,
            "Slavic": null,
            "Romance language": null,
            "ancient Greek or Latin": null,
            "Romance": null,
            "Arabic": null,
            "Persian": null,
            "Turkish": null,
            "Hebrew": null,
            "Portuguese": null,
            "Japanese": null,
            "Korean": null,
            "Sumerian": null,
            "Armenian": null,
            "Kurdish": null,
            "Ottoman": null,
            "Syrian-Aramaic": null
        },
        "GPA": null,
        "is_german": false,
        "application_process": {
            "uni_assist": null
        },
        "standardized_tests": {
            "GMAT": null,
            "GRE": null
        },
        "application_deadline": [
            "YYYY-02-28"
        ]
    },
    "field_of_study": [
        "Mathematics, Natural Sciences",
        "Law, Economics and Social Sciences"
    ],
    "subject": [
        "Business and Economics",
        "Computer Science"
    ]
}