{
    "course_details": {
        "course_title": "AI-Driven Supply Chain Management (MSc)",
        "university": "Hof University of Applied Sciences",
        "location": "Hof",
        "duration": "3 semesters",
        "tuition_fees": "None",
        "language_of_instruction": null,
        "mode_of_study": null
    },
    "requirements": {
        "language_requirements": {
            "English": {
                "level": null,
                "Toefl": null,
                "IELTS": "6.5",
                "CPE": null
            },
            "German": "minimum level of A1 according to CEFR (Common European Framework of Reference for Languages)",
            "French": null,
            "Latin or Ancient Greek": null,
            "modern foreign language": null,
            "Chinese": null,
            "Spanish": null,
            "Italian": null,
            "Latin": null,
            "Slavic": null,
            "Romance language": null,
            "ancient Greek or Latin": null,
            "Romance": null,
            "Arabic": null,
            "Persian": null,
            "Turkish": null,
            "Hebrew": null,
            "Portuguese": null,
            "Japanese": null,
            "Korean": null,
            "Sumerian": null,
            "Armenian": null,
            "Kurdish": null,
            "Ottoman": null,
            "Syrian-Aramaic": null
        },
        "GPA": "2.5",
        "is_german": null,
        "application_process": {
            "uni_assist": "required"
        },
        "standardized_tests": {
            "GMAT": null,
            "GRE": null
        },
        "application_deadline": [
            "2024-07-15",
            "2024-05-01",
            "2024-05-31",
            "2024-04-15",
            "2025-01-15",
            "2024-11-15",
            "2024-11-30",
            "2024-11-05"
        ]
    },
    "field_of_study": [
        "Law, Economics and Social Sciences"
    ],
    "subject": [
        "Business and Economics",
        "Law, Economics and Social Sciences in general",
        "Industrial Engineering"
    ],
    "gpa": "2.5"
}