{
    "course_details": {
        "course_title": "Hybrid, Part-Time MBA for Working Professionals",
        "university": "Catholic University of Eichstätt-Ingolstadt",
        "location": "Ingolstadt",
        "duration": "4 semesters",
        "tuition_fees": "4,000 EUR",
        "language_of_instruction": null,
        "mode_of_study": "Part-time"
    },
    "requirements": {
        "language_requirements": {
            "English": {
                "level": "C1",
                "Toefl": "90",
                "IELTS": "6.5",
                "CPE": "C1 Advanced"
            },
            "German": "A2 (European Framework of Reference)",
            "French": null,
            "Latin or Ancient Greek": null,
            "modern foreign language": null,
            "Chinese": null,
            "Spanish": null,
            "Italian": null,
            "Latin": null,
            "Slavic": null,
            "Romance language": null,
            "ancient Greek or Latin": null,
            "Romance": null,
            "Arabic": null,
            "Persian": null,
            "Turkish": null,
            "Hebrew": null,
            "Portuguese": null,
            "Japanese": null,
            "Korean": null,
            "Sumerian": null,
            "Armenian": null,
            "Kurdish": null,
            "Ottoman": null,
            "Syrian-Aramaic": null
        },
        "GPA": null,
        "is_german": null,
        "application_process": {
            "uni_assist": null
        },
        "standardized_tests": {
            "GMAT": null,
            "GRE": null
        },
        "application_deadline": [
            "2024-08-31"
        ]
    },
    "field_of_study": [
        "Law, Economics and Social Sciences"
    ],
    "subject": [
        "Business and Economics"
    ]
}