{
    "course_details": {
        "course_title": "Interdisciplinary Engineering",
        "university": "Trier University of Applied Sciences",
        "location": "Trier",
        "duration": "3 semesters",
        "tuition_fees": "None",
        "language_of_instruction": null,
        "mode_of_study": null
    },
    "requirements": {
        "language_requirements": {
            "English": {
                "level": "C1",
                "Toefl": null,
                "IELTS": null,
                "CPE": "of Proficiency in English"
            },
            "German": "Proof of German language skills is provided by at least one of the following qualifications:\nGoethe Certificate B1\nZertifikat Deutsch / telc Deutsch B1\nTestDaF TDN 3\nUNIcert I DaF\nDeutsches Sprachdiplom (DSD) of the Conference of Ministers of Education and Cultural Affairs - First Level (DSD I) with B1 in all areas)\nDSH B1\nCompletion of a Bachelor's degree programme in German",
            "French": null,
            "Latin or Ancient Greek": null,
            "modern foreign language": null,
            "Chinese": null,
            "Spanish": null,
            "Italian": null,
            "Latin": null,
            "Slavic": null,
            "Romance language": null,
            "ancient Greek or Latin": null,
            "Romance": null,
            "Arabic": null,
            "Persian": null,
            "Turkish": null,
            "Hebrew": null,
            "Portuguese": null,
            "Japanese": null,
            "Korean": null,
            "Sumerian": null,
            "Armenian": null,
            "Kurdish": null,
            "Ottoman": null,
            "Syrian-Aramaic": null
        },
        "GPA": 2.5,
        "is_german": null,
        "application_process": {
            "uni_assist": "required"
        },
        "standardized_tests": {
            "GMAT": null,
            "GRE": null
        },
        "application_deadline": [
            "2024-09-15",
            "2024-07-31",
            "2024-08-15",
            "2024-03-15",
            "2024-01-31",
            "2024-02-15"
        ]
    },
    "field_of_study": [
        "Engineering"
    ],
    "subject": [
        "Civil Engineering",
        "Mechanical Engineering / Process Engineering",
        "Engineering in general",
        "Electrical Engineering"
    ],
    "gpa": 2.5
}