{
    "course_details": {
        "course_title": "Master of Science in Materials Science and Business Administration",
        "university": "Kiel University",
        "location": "Kiel",
        "duration": "4 semesters",
        "tuition_fees": "None",
        "language_of_instruction": "English",
        "mode_of_study": null
    },
    "requirements": {
        "language_requirements": {
            "English": {
                "level": "B2",
                "Toefl": null,
                "IELTS": null,
                "CPE": null
            },
            "German": null,
            "French": null,
            "Latin or Ancient Greek": null,
            "modern foreign language": null,
            "Chinese": null,
            "Spanish": null,
            "Italian": null,
            "Latin": null,
            "Slavic": null,
            "Romance language": null,
            "ancient Greek or Latin": null,
            "Romance": null,
            "Arabic": null,
            "Persian": null,
            "Turkish": null,
            "Hebrew": null,
            "Portuguese": null,
            "Japanese": null,
            "Korean": null,
            "Sumerian": null,
            "Armenian": null,
            "Kurdish": null,
            "Ottoman": null,
            "Syrian-Aramaic": null
        },
        "GPA": null,
        "is_german": null,
        "application_process": {
            "uni_assist": null
        },
        "standardized_tests": {
            "GMAT": null,
            "GRE": null
        },
        "application_deadline": [
            "2025-01-20",
            "2025-02-16"
        ]
    },
    "field_of_study": [
        "Mathematics, Natural Sciences",
        "Engineering",
        "Law, Economics and Social Sciences"
    ],
    "subject": [
        "Business and Economics",
        "Engineering in general",
        "Mathematics, Natural Sciences in general"
    ]
}