{
    "course_details": {
        "course_title": "Bioanalytical Chemistry & Pharmaceutical Analysis (full-time/part-time) (MSc)",
        "university": "Hochschule Fresenius - University of Applied Sciences",
        "location": "Idstein",
        "duration": "2 semesters, 3 semesters",
        "tuition_fees": "4,500 EUR",
        "language_of_instruction": "English",
        "mode_of_study": "full-time/part-time"
    },
    "requirements": {
        "language_requirements": {
            "English": {
                "level": null,
                "Toefl": null,
                "IELTS": null,
                "CPE": "of Advanced English"
            },
            "German": null,
            "French": null,
            "Latin or Ancient Greek": null,
            "modern foreign language": null,
            "Chinese": null,
            "Spanish": null,
            "Italian": null,
            "Latin": null,
            "Slavic": null,
            "Romance language": null,
            "ancient Greek or Latin": null,
            "Romance": null,
            "Arabic": null,
            "Persian": null,
            "Turkish": null,
            "Hebrew": null,
            "Portuguese": null,
            "Japanese": null,
            "Korean": null,
            "Sumerian": null,
            "Armenian": null,
            "Kurdish": null,
            "Ottoman": null,
            "Syrian-Aramaic": null
        },
        "GPA": null,
        "is_german": null,
        "application_process": {
            "uni_assist": null
        },
        "standardized_tests": {
            "GMAT": null,
            "GRE": null
        },
        "application_deadline": []
    },
    "field_of_study": [
        "Mathematics, Natural Sciences"
    ],
    "subject": [
        "Chemistry"
    ]
}