{
    "course_details": {
        "course_title": "Computational Linguistics / Computerlinguistik",
        "university": "University of Tübingen",
        "location": "Tübingen",
        "duration": "4 semesters",
        "tuition_fees": "Varied",
        "language_of_instruction": "English",
        "mode_of_study": null
    },
    "requirements": {
        "language_requirements": {
            "English": {
                "level": null,
                "Toefl": "79",
                "IELTS": "6.5",
                "CPE": null
            },
            "German": null,
            "French": null,
            "Latin or Ancient Greek": null,
            "modern foreign language": null,
            "Chinese": null,
            "Spanish": null,
            "Italian": null,
            "Latin": null,
            "Slavic": null,
            "Romance language": null,
            "ancient Greek or Latin": null,
            "Romance": null,
            "Arabic": null,
            "Persian": null,
            "Turkish": null,
            "Hebrew": null,
            "Portuguese": null,
            "Japanese": null,
            "Korean": null,
            "Sumerian": null,
            "Armenian": null,
            "Kurdish": null,
            "Ottoman": null,
            "Syrian-Aramaic": null
        },
        "GPA": 2.5,
        "is_german": null,
        "application_process": {
            "uni_assist": null
        },
        "standardized_tests": {
            "GMAT": null,
            "GRE": null
        },
        "application_deadline": [
            "2024-01-15",
            "2024-07-15",
            "2024-03-15",
            "2024-09-15"
        ]
    },
    "field_of_study": [
        "Mathematics, Natural Sciences",
        "Languages and Cultural Studies"
    ],
    "subject": [
        "General and Comparative Literature and Linguistics",
        "Computer Science"
    ],
    "gpa": 2.5
}